"lion","用户未登录或登录失败，请更换账号或重试"
"tsuzki","用户未登录或登录失败，请更换账号或重试"
"Violet",""
"752475694@qq.com,","用户未登录或登录失败，请更换账号或重试"
"Crestfall","用户未登录或登录失败，请更换账号或重试"
"皮丘","用户未登录或登录失败，请更换账号或重试"
"微分方程99",""
"ch,","用户未登录或登录失败，请更换账号或重试"
"归路酱","用户未登录或登录失败，请更换账号或重试"
"木木","用户未登录或登录失败，请更换账号或重试"
"专攻数理化","用户未登录或登录失败，请更换账号或重试"
"挽歌1",""
"WSWscience","用户未登录或登录失败，请更换账号或重试"
"hebingchang","用户未登录或登录失败，请更换账号或重试"
"自由tabris","用户未登录或登录失败，请更换账号或重试"
"AnneLilyLeo",""
"专受数理化","用户未登录或登录失败，请更换账号或重试"
"挽歌2","用户未登录或登录失败，请更换账号或重试"
"挽歌3",""
"挽歌4","用户未登录或登录失败，请更换账号或重试"
"挽歌5","用户未登录或登录失败，请更换账号或重试"
"XePtF6_wsw","用户未登录或登录失败，请更换账号或重试"
"XeO4_四氧化氙",""
"tsuzki2",""